Italian Desserts and Pastries,0.065725691,AM
Pickleball,0.040490448,AM
The Art of Games,0.034787568,AM
Cooking for Ind. Living,0.026233248,AM
Darkroom Photography,0.02352438,AM
Canoeing & Camping,0.020815512,AM
Golf,0.018676932,AM
Unified Sports,0.017678928,AM
Suggestions,0.016538352,AM
Meet The Grandparents,0.014542344,AM
Tae Kwon Do,0.0142572,AM
Empowering Women in Business,0.013401768,AM
Ind. Learning Seminar,0.01283148,AM
Natural Recreational Resources,0.012546336,AM
Understanding Human Behavior,0.012403764,AM
Trail Work,0.011263188,AM
Coral Reef Restoration,0.010407756,AM
Fish And Wildlife,0.009552324,AM
NOLS Wilderness Leadership,0.009124608,AM
Yoga & Service,0.008696892,AM
Photojournalism,0.008411748,AM
Legos,0.008126604,AM
Making  a Graphic Novella,0.007984032,AM
Small Business Exploration,0.00784146,AM
Handmade Books,0.007556316,AM
Author Series:Writing as a Career,0.006986028,AM
Art and Activism,0.00641574,AM
"Flight, Foam and Fun",0.006130596,AM
Asian Culture A-Z,0.005845452,AM
Paper Mache Art,0.005845452,AM
Crahs Course in Art History,0.005275164,AM
Science of Happiness,0.005275164,AM
Zeno Mt. Farm,0.004847448,AM
Feminism is for Everybody,0.004704876,AM
Contemporary Dance,0.004562304,AM
Designing Crossword Puzzle,0.00427716,AM
Failure is an Option,0.003992016,AM
History of R&R,0.003706872,AM
BigQuestions,0.0035643,AM
SciFi,0.003421728,AM
Broadway the AmericanMusical,0.00285144,AM
Equitable Vermont,0.002281152,AM
Swimming 101,0.002281152,AM
NCP: Comm. Service & Food Justice,0.001710864,AM
CVU Gravel Grinder,0.00142572,AM
Latin Dance,0.001283148,AM
Life Program,0.000570288,AM
